{
    "results": {
        "n_cells": 918,
        "n_genes": 31053,
        "cluster_counts": {
            "0": 175,
            "1": 123,
            "2": 91,
            "3": 82,
            "4": 78,
            "5": 77,
            "6": 76,
            "7": 56,
            "8": 51,
            "9": 47,
            "10": 25,
            "11": 24,
            "12": 13
        }
    },
    "scores": {
        "PAS": 0.7745098039215687,
        "CHAOS": 0.1370599548208682
    }
}