{
    "results": {
        "n_cells": 918,
        "n_genes": 31053,
        "cluster_counts": {
            "0": 311,
            "1": 286,
            "2": 181,
            "3": 110,
            "4": 30
        }
    },
    "scores": {
        "PAS": 0.04139433551198257,
        "CHAOS": 0.10675158333506653
    }
}