{
    "results": {
        "n_cells": 918,
        "n_genes": 31053,
        "cluster_counts": {
            "0": 289,
            "1": 206,
            "2": 184,
            "3": 130,
            "4": 109
        }
    },
    "scores": {
        "PAS": 0.05228758169934641,
        "CHAOS": 0.10663513650144378
    }
}