{
    "results": {
        "n_cells": 378918,
        "n_genes": 374,
        "cluster_counts": {
            "0": 245812,
            "1": 94954,
            "2": 22309,
            "3": 8142,
            "4": 7251,
            "5": 218,
            "6": 138,
            "7": 60,
            "8": 34
        }
    },
    "scores": {
        "NMI": 0.42794320211651965,
        "ARI": 0.244617501800265,
        "PAS": 0.3592149224898263,
        "CHAOS": 0.005955828497000406
    },
    "performance": {
        "smender_time_seconds": 574.5664868354797,
        "smender_memory_mb": 1440.015625,
        "dim_reduction_time_seconds": 194.86310264372057,
        "dim_reduction_memory_mb": 1154.69921875,
        "nn_time_seconds": 127.83130094312853,
        "nn_memory_mb": 891.1484375
    }
}