{
    "results": {
        "n_cells": 378918,
        "n_genes": 374,
        "cluster_counts": {
            "0": 168956,
            "1": 50213,
            "2": 45111,
            "3": 18354,
            "4": 16287,
            "5": 12404,
            "6": 11268,
            "7": 11149,
            "8": 8268,
            "9": 6930,
            "10": 5646,
            "11": 5507,
            "12": 5348,
            "13": 2375,
            "14": 1096,
            "15": 902,
            "16": 885,
            "17": 823,
            "18": 661,
            "19": 553,
            "20": 541,
            "21": 433,
            "22": 419,
            "23": 409,
            "24": 363,
            "25": 321,
            "26": 304,
            "27": 303,
            "28": 294,
            "29": 288,
            "30": 282,
            "31": 240,
            "32": 232,
            "33": 226,
            "34": 214,
            "35": 205,
            "36": 191,
            "37": 190,
            "38": 137,
            "39": 67,
            "40": 66,
            "41": 53,
            "42": 51,
            "43": 45,
            "44": 44,
            "45": 39,
            "46": 39,
            "47": 35,
            "48": 35,
            "49": 34,
            "50": 32,
            "51": 30,
            "52": 20
        }
    },
    "scores": {
        "NMI": 0.5436940709702133,
        "ARI": 0.32758274512004887,
        "PAS": 0.7023049841918304,
        "CHAOS": 0.01213923306044195
    },
    "performance": {
        "smender_time_seconds": 2086.987428188324,
        "smender_memory_mb": 457.09765625,
        "dim_reduction_time_seconds": 469.97487389656806,
        "dim_reduction_memory_mb": 1180.55078125,
        "nn_time_seconds": 311.41315975496843,
        "nn_memory_mb": 771.578125
    }
}