{
    "results": {
        "n_cells": 918,
        "n_genes": 31053,
        "cluster_counts": {
            "0": 182,
            "1": 103,
            "2": 102,
            "3": 91,
            "4": 76,
            "5": 71,
            "6": 66,
            "7": 56,
            "8": 56,
            "9": 51,
            "10": 39,
            "11": 25
        }
    },
    "scores": {
        "PAS": 0.7472766884531591,
        "CHAOS": 0.1371914585069869
    }
}