{
    "pas": {
        "t-statistic": -3.6099971874344603,
        "p-value": 0.9994493532633617
    },
    "chaos": {
        "t-statistic": -3.667674695743588,
        "p-value": 0.9995283604933894
    },
    "nmi": {
        "t-statistic": -2.9488790294730594,
        "p-value": 0.003063471124259196
    },
    "ari": {
        "t-statistic": -3.569706197085544,
        "p-value": 0.0006133102775198197
    }
}