{
    "pas": {
        "t-statistic": 2.602707830262853,
        "p-value": 0.00687414174212742
    },
    "chaos": {
        "t-statistic": 1.1418131253433845,
        "p-value": 0.13087471141480894
    }
}