{
    "pas": {
        "t-statistic": -3.75618864612191,
        "p-value": 0.9679330719684756
    },
    "chaos": {
        "t-statistic": 0.5981689926793224,
        "p-value": 0.305222021789442
    }
}