{
    "pas": {
        "t-statistic": 2.727009825735817,
        "p-value": 0.005452500307474481
    },
    "chaos": {
        "t-statistic": 0.8223162121661527,
        "p-value": 0.20892248523038814
    }
}