{
    "results": {
        "n_cells": 378918,
        "n_genes": 374,
        "cluster_counts": {
            "0": 192806,
            "1": 97582,
            "2": 45338,
            "3": 43192
        }
    },
    "scores": {
        "NMI": 0.6505976499845199,
        "ARI": 0.47984679588912943,
        "PAS": 0.55385334030054,
        "CHAOS": 0.006299027298394902
    },
    "performance": {
        "smender_time_seconds": 999.5914731025696,
        "smender_memory_mb": 717.99609375,
        "dim_reduction_time_seconds": 1231.239269733429,
        "dim_reduction_memory_mb": 411.12890625,
        "nn_time_seconds": 1031.808212518692,
        "nn_memory_mb": 1170.19140625
    }
}