{
    "results": {
        "n_cells": 918,
        "n_genes": 31053,
        "cluster_counts": {
            "0": 332,
            "1": 322,
            "2": 138,
            "3": 64,
            "4": 41,
            "5": 13,
            "6": 8
        }
    },
    "scores": {
        "PAS": 0.17320261437908496,
        "CHAOS": 0.110757680633221
    }
}