{
    "results": {
        "n_cells": 378918,
        "n_genes": 374,
        "cluster_counts": {
            "0": 151446,
            "1": 96955,
            "2": 48242,
            "3": 41045,
            "4": 40640,
            "5": 216,
            "6": 137,
            "7": 89,
            "8": 70,
            "9": 44,
            "10": 34
        }
    },
    "scores": {
        "NMI": 0.7196232838891246,
        "ARI": 0.6348615948663828,
        "PAS": 0.6961136710317272,
        "CHAOS": 0.007050954625411517
    },
    "performance": {
        "smender_time_seconds": 1030.8453640937805,
        "smender_memory_mb": 2331.62109375,
        "dim_reduction_time_seconds": 1058.2919218540192,
        "dim_reduction_memory_mb": 1257.171875,
        "nn_time_seconds": 1131.4425075054169,
        "nn_memory_mb": 976.6015625
    }
}