{
    "results": {
        "n_cells": 378918,
        "n_genes": 374,
        "cluster_counts": {
            "0": 151446,
            "1": 96955,
            "2": 48242,
            "3": 41045,
            "4": 40640,
            "5": 216,
            "6": 137,
            "7": 89,
            "8": 70,
            "9": 44,
            "10": 34
        }
    },
    "scores": {
        "NMI": 0.7196232838891246,
        "ARI": 0.6348615948663828,
        "PAS": 0.6961136710317272,
        "CHAOS": 0.007050954625411517
    },
    "performance": {
        "smender_time_seconds": 1723.7235960960388,
        "smender_memory_mb": 2515.27734375,
        "dim_reduction_time_seconds": 92.1696136997592,
        "dim_reduction_memory_mb": 1279.72265625,
        "nn_time_seconds": 165.6875465916049,
        "nn_memory_mb": 987.828125
    }
}