{
    "results": {
        "n_cells": 918,
        "n_genes": 31053,
        "cluster_counts": {
            "0": 147,
            "1": 99,
            "2": 91,
            "3": 82,
            "4": 78,
            "5": 76,
            "6": 76,
            "7": 71,
            "8": 56,
            "9": 51,
            "10": 38,
            "11": 28,
            "12": 25
        }
    },
    "scores": {
        "PAS": 0.7777777777777778,
        "CHAOS": 0.14121265866186639
    }
}