{
    "results": {
        "n_cells": 378918,
        "n_genes": 374,
        "cluster_counts": {
            "0": 177190,
            "1": 77307,
            "2": 19323,
            "3": 16349,
            "4": 15317,
            "5": 13512,
            "6": 12995,
            "7": 8501,
            "8": 8258,
            "9": 7419,
            "10": 5954,
            "11": 3866,
            "12": 2909,
            "13": 2620,
            "14": 1023,
            "15": 867,
            "16": 793,
            "17": 602,
            "18": 600,
            "19": 548,
            "20": 447,
            "21": 428,
            "22": 303,
            "23": 295,
            "24": 261,
            "25": 259,
            "26": 233,
            "27": 194,
            "28": 135,
            "29": 55,
            "30": 51,
            "31": 43,
            "32": 39,
            "33": 39,
            "34": 35,
            "35": 33,
            "36": 33,
            "37": 32,
            "38": 31,
            "39": 19
        }
    },
    "scores": {
        "NMI": 0.47055824158581755,
        "ARI": 0.24933193692268232,
        "PAS": 0.6691210235459915,
        "CHAOS": 0.010920267045264189
    },
    "performance": {
        "smender_time_seconds": 604.7124898433685,
        "smender_memory_mb": 901.6328125,
        "dim_reduction_time_seconds": 223.33178589420933,
        "dim_reduction_memory_mb": 1165.15625,
        "nn_time_seconds": 60.85645124989171,
        "nn_memory_mb": 864.4140625
    }
}