{
    "results": {
        "n_cells": 378918,
        "n_genes": 374,
        "cluster_counts": {
            "0": 77731,
            "1": 50831,
            "2": 47401,
            "3": 37711,
            "4": 36600,
            "5": 34449,
            "6": 18330,
            "7": 17787,
            "8": 15669,
            "9": 14621,
            "10": 12108,
            "11": 7678,
            "12": 4417,
            "13": 1960,
            "14": 366,
            "15": 216,
            "16": 177,
            "17": 137,
            "18": 133,
            "19": 53,
            "20": 44,
            "21": 44,
            "22": 41,
            "23": 39,
            "24": 35,
            "25": 34,
            "26": 34,
            "27": 31,
            "28": 30,
            "29": 30,
            "30": 29,
            "31": 26,
            "32": 25,
            "33": 24,
            "34": 20,
            "35": 17,
            "36": 17,
            "37": 15,
            "38": 8
        }
    },
    "scores": {
        "NMI": 0.3537683529551388,
        "ARI": 0.2237581744045893,
        "PAS": 0.9490179933389282,
        "CHAOS": 0.010474137391149586
    },
    "performance": {
        "smender_time_seconds": 1373.537253856659,
        "smender_memory_mb": 562.44140625,
        "dim_reduction_time_seconds": 1815.9676723480225,
        "dim_reduction_memory_mb": 329.50390625,
        "nn_time_seconds": 183.7577645778656,
        "nn_memory_mb": 883.421875
    }
}