{
    "results": {
        "n_cells": 378918,
        "n_genes": 374,
        "cluster_counts": {
            "0": 177061,
            "1": 96140,
            "2": 45471,
            "3": 44127,
            "4": 15536,
            "5": 215,
            "6": 136,
            "7": 86,
            "8": 68,
            "9": 44,
            "10": 34
        }
    },
    "scores": {
        "NMI": 0.6453193546967619,
        "ARI": 0.5226158060908385,
        "PAS": 0.6210763278598536,
        "CHAOS": 0.006739856362191135
    },
    "performance": {
        "smender_time_seconds": 829.9191982746124,
        "smender_memory_mb": 1470.24609375,
        "dim_reduction_time_seconds": 857.9362816810608,
        "dim_reduction_memory_mb": 1219.0078125,
        "nn_time_seconds": 870.0805480480194,
        "nn_memory_mb": 933.0546875
    }
}