{
    "results": {
        "n_cells": 378918,
        "n_genes": 374,
        "cluster_counts": {
            "0": 146939,
            "1": 96891,
            "2": 51419,
            "3": 42711,
            "4": 40398,
            "5": 214,
            "6": 137,
            "7": 86,
            "8": 46,
            "9": 43,
            "10": 34
        }
    },
    "scores": {
        "NMI": 0.6453193546967619,
        "ARI": 0.5226158060908385,
        "PAS": 0.6210763278598536,
        "CHAOS": 0.006739856362191135
    },
    "performance": {
        "smender_time_seconds": 1263.6685409545898,
        "smender_memory_mb": 697.58984375,
        "dim_reduction_time_seconds": 86.77761410128686,
        "dim_reduction_memory_mb": 1337.5234375,
        "nn_time_seconds": 116.97557495486352,
        "nn_memory_mb": 807.125
    }
}