{
    "results": {
        "n_cells": 378918,
        "n_genes": 374,
        "cluster_counts": {
            "0": 239476,
            "1": 94911,
            "2": 22310,
            "3": 11565,
            "4": 5986,
            "5": 2614,
            "6": 1011,
            "7": 569,
            "8": 215,
            "9": 150,
            "10": 77,
            "11": 34
        }
    },
    "scores": {
        "NMI": 0.4509253792351562,
        "ARI": 0.26704274590807264,
        "PAS": 0.38207738877540787,
        "CHAOS": 0.006157886143953234
    },
    "performance": {
        "smender_time_seconds": 534.9177277088165,
        "smender_memory_mb": 1971.83984375,
        "dim_reduction_time_seconds": 150.68052094982517,
        "dim_reduction_memory_mb": 1242.9375,
        "nn_time_seconds": 58.55870622204196,
        "nn_memory_mb": 832.39453125
    }
}