{
    "results": {
        "n_cells": 918,
        "n_genes": 31053,
        "cluster_counts": {
            "0": 203,
            "1": 104,
            "2": 101,
            "3": 99,
            "4": 91,
            "5": 73,
            "6": 71,
            "7": 57,
            "8": 56,
            "9": 38,
            "10": 25
        }
    },
    "scores": {
        "PAS": 0.659041394335512,
        "CHAOS": 0.13392833503656854
    }
}