{
    "results": {
        "n_cells": 918,
        "n_genes": 31053,
        "cluster_counts": {
            "0": 427,
            "1": 233,
            "2": 141,
            "3": 52,
            "4": 40,
            "5": 25
        }
    },
    "scores": {
        "PAS": 0.10675381263616558,
        "CHAOS": 0.1081061119698194
    }
}