{
    "results": {
        "n_cells": 918,
        "n_genes": 31053,
        "cluster_counts": {
            "0": 392,
            "1": 296,
            "2": 153,
            "3": 52,
            "4": 25
        }
    },
    "scores": {
        "PAS": 0.08496732026143791,
        "CHAOS": 0.10770849590881236
    }
}