{
    "results": {
        "n_cells": 918,
        "n_genes": 31053,
        "cluster_counts": {
            "0": 218,
            "1": 211,
            "2": 177,
            "3": 175,
            "4": 137
        }
    },
    "scores": {
        "PAS": 0.2625272331154684,
        "CHAOS": 0.11182305089999602
    }
}