{
    "results": {
        "n_cells": 918,
        "n_genes": 31053,
        "cluster_counts": {
            "0": 482,
            "1": 436
        }
    },
    "scores": {
        "PAS": 0.011982570806100218,
        "CHAOS": 0.10629864629575808
    }
}