{
    "results": {
        "n_cells": 378918,
        "n_genes": 374,
        "cluster_counts": {
            "0": 186677,
            "1": 97305,
            "2": 48406,
            "3": 46530
        }
    },
    "scores": {
        "NMI": 0.6835654640819355,
        "ARI": 0.520165374265389,
        "PAS": 0.5758712966921603,
        "CHAOS": 0.006334767153669573
    },
    "performance": {
        "smender_time_seconds": 1058.6100845336914,
        "smender_memory_mb": 1449.9921875,
        "dim_reduction_time_seconds": 76.57439131890574,
        "dim_reduction_memory_mb": 1311.03125,
        "nn_time_seconds": 67.58907075082102,
        "nn_memory_mb": 1237.45703125
    }
}