{
    "results": {
        "n_cells": 378918,
        "n_genes": 374,
        "cluster_counts": {
            "0": 131892,
            "1": 98347,
            "2": 76320,
            "3": 72359
        }
    },
    "scores": {
        "NMI": 0.3859091067485208,
        "ARI": 0.3634076944366835,
        "PAS": 0.7740329042167434,
        "CHAOS": 0.006757716602798005
    },
    "performance": {
        "smender_time_seconds": 689.1742906570435,
        "smender_memory_mb": 627.58203125,
        "dim_reduction_time_seconds": 516.2878751062577,
        "dim_reduction_memory_mb": 1157.0546875,
        "nn_time_seconds": 47.664524962825155,
        "nn_memory_mb": 1249.36328125
    }
}