{
    "results": {
        "n_cells": 378918,
        "n_genes": 374,
        "cluster_counts": {
            "0": 65599,
            "1": 50113,
            "2": 42636,
            "3": 32617,
            "4": 30251,
            "5": 20647,
            "6": 20582,
            "7": 18987,
            "8": 18386,
            "9": 14283,
            "10": 14219,
            "11": 13408,
            "12": 11801,
            "13": 11461,
            "14": 8613,
            "15": 4052,
            "16": 283,
            "17": 213,
            "18": 135,
            "19": 84,
            "20": 53,
            "21": 51,
            "22": 42,
            "23": 41,
            "24": 39,
            "25": 36,
            "26": 35,
            "27": 35,
            "28": 35,
            "29": 31,
            "30": 30,
            "31": 28,
            "32": 24,
            "33": 24,
            "34": 21,
            "35": 17,
            "36": 6
        }
    },
    "scores": {
        "NMI": 0.32584335857168406,
        "ARI": 0.17844371158814734,
        "PAS": 0.9682780971080814,
        "CHAOS": 0.011500069639206148
    },
    "performance": {
        "smender_time_seconds": 2179.365254163742,
        "smender_memory_mb": 826.12109375,
        "dim_reduction_time_seconds": 3199.6548973668005,
        "dim_reduction_memory_mb": 158.46484375,
        "nn_time_seconds": 178.18713704232246,
        "nn_memory_mb": 816.9609375
    }
}