{
    "results": {
        "n_cells": 378918,
        "n_genes": 374,
        "cluster_counts": {
            "0": 147964,
            "1": 94390,
            "2": 49839,
            "3": 39763,
            "4": 34404,
            "5": 12558
        }
    },
    "scores": {
        "NMI": 0.7093382309035133,
        "ARI": 0.623181714030443,
        "PAS": 0.7157406087860698,
        "CHAOS": 0.00724594361649188
    },
    "performance": {
        "smender_time_seconds": 1433.4351904392242,
        "smender_memory_mb": 1342.21875,
        "dim_reduction_time_seconds": 283.79240089078104,
        "dim_reduction_memory_mb": 1163.13671875,
        "nn_time_seconds": 76.44217281956827,
        "nn_memory_mb": 1170.73046875
    }
}