{
    "MsBrainAgingSpatialDonor_10_0": {
        "MENDER": {
            "pas": 0.016554578375581996,
            "chaos": 0.020005462670170233,
            "nmi": 0.6775060650876176,
            "ari": 0.5151190510996934
        },
        "MENDER+MISO": {
            "pas": 0.04366270046559752,
            "chaos": 0.021127716684314866,
            "nmi": 0.728968711151794,
            "ari": 0.7168270190172852
        }
    },
    "MsBrainAgingSpatialDonor_10_1": {
        "MENDER": {
            "pas": 0.03732972860559426,
            "chaos": 0.020141163304229052,
            "nmi": 0.6365015381049473,
            "ari": 0.5018231045035142
        },
        "MENDER+MISO": {
            "pas": 0.07705105542268899,
            "chaos": 0.02123210118008805,
            "nmi": 0.6810528718985598,
            "ari": 0.6175943767692108
        }
    },
    "MsBrainAgingSpatialDonor_10_2": {
        "MENDER": {
            "pas": 0.018814462201065398,
            "chaos": 0.02092434098930204,
            "nmi": 0.6999231782445653,
            "ari": 0.5462926600996171
        },
        "MENDER+MISO": {
            "pas": 0.031395217046356116,
            "chaos": 0.02145073689380672,
            "nmi": 0.6160383932701002,
            "ari": 0.5299265635495288
        }
    },
    "MsBrainAgingSpatialDonor_11_0": {
        "MENDER": {
            "pas": 0.02147117296222664,
            "chaos": 0.022928518732822364,
            "nmi": 0.6285749579516942,
            "ari": 0.4892364833614234
        },
        "MENDER+MISO": {
            "pas": 0.03326706428098078,
            "chaos": 0.02341670920928478,
            "nmi": 0.5985912322176232,
            "ari": 0.47938347297222617
        }
    },
    "MsBrainAgingSpatialDonor_11_1": {
        "MENDER": {
            "pas": 0.049031349066572735,
            "chaos": 0.017980785032486894,
            "nmi": 0.5964231820732564,
            "ari": 0.5771683716272836
        },
        "MENDER+MISO": {
            "pas": 0.044804508629799226,
            "chaos": 0.01795187740428753,
            "nmi": 0.612762517531779,
            "ari": 0.573867981164206
        }
    },
    "MsBrainAgingSpatialDonor_11_2": {
        "MENDER": {
            "pas": 0.0498960498960499,
            "chaos": 0.02401048040050245,
            "nmi": 0.5644713490010739,
            "ari": 0.42349491611465107
        },
        "MENDER+MISO": {
            "pas": 0.02702702702702703,
            "chaos": 0.023564088932909066,
            "nmi": 0.5810454234299557,
            "ari": 0.39326263303492237
        }
    },
    "MsBrainAgingSpatialDonor_12_0": {
        "MENDER": {
            "pas": 0.0533051476889676,
            "chaos": 0.016667785676499108,
            "nmi": 0.6565524231572417,
            "ari": 0.5714875691020829
        },
        "MENDER+MISO": {
            "pas": 0.049477232474432954,
            "chaos": 0.01666020681800572,
            "nmi": 0.7125894826346004,
            "ari": 0.6668906211915102
        }
    },
    "MsBrainAgingSpatialDonor_12_1": {
        "MENDER": {
            "pas": 0.03952217562587368,
            "chaos": 0.017194234836378285,
            "nmi": 0.6767879175144699,
            "ari": 0.5684575606422466
        },
        "MENDER+MISO": {
            "pas": 0.055280213495996953,
            "chaos": 0.017465811333630076,
            "nmi": 0.7119405529600012,
            "ari": 0.643486517598414
        }
    },
    "MsBrainAgingSpatialDonor_1_0": {
        "MENDER": {
            "pas": 0.05970859918103038,
            "chaos": 0.015590080943919556,
            "nmi": 0.5725553343018672,
            "ari": 0.5646213329700334
        },
        "MENDER+MISO": {
            "pas": 0.06442243595848014,
            "chaos": 0.015697747789177263,
            "nmi": 0.5916842859224982,
            "ari": 0.6216336863545303
        }
    },
    "MsBrainAgingSpatialDonor_2_0": {
        "MENDER": {
            "pas": 0.05581750987638588,
            "chaos": 0.016649584675294003,
            "nmi": 0.5855847612141307,
            "ari": 0.4666063930614429
        },
        "MENDER+MISO": {
            "pas": 0.05677328915509112,
            "chaos": 0.01693709892603889,
            "nmi": 0.6399925975865605,
            "ari": 0.5682000275428498
        }
    },
    "MsBrainAgingSpatialDonor_2_1": {
        "MENDER": {
            "pas": 0.028963291649858815,
            "chaos": 0.012820611004462685,
            "nmi": 0.7188042195512755,
            "ari": 0.7384872511224306
        },
        "MENDER+MISO": {
            "pas": 0.02408229124647035,
            "chaos": 0.012787487822892928,
            "nmi": 0.7302771305005654,
            "ari": 0.7185104893121311
        }
    },
    "MsBrainAgingSpatialDonor_3_0": {
        "MENDER": {
            "pas": 0.02686766138542788,
            "chaos": 0.014814362859604776,
            "nmi": 0.7622823092011681,
            "ari": 0.7438521135328756
        },
        "MENDER+MISO": {
            "pas": 0.03096959442137107,
            "chaos": 0.014729350194323955,
            "nmi": 0.8071722452071634,
            "ari": 0.8139587938076277
        }
    },
    "MsBrainAgingSpatialDonor_3_1": {
        "MENDER": {
            "pas": 0.020512496844231256,
            "chaos": 0.01573351118209784,
            "nmi": 0.7723967274445882,
            "ari": 0.6645022022329748
        },
        "MENDER+MISO": {
            "pas": 0.030042918454935622,
            "chaos": 0.016012033280147574,
            "nmi": 0.7428401381623042,
            "ari": 0.6843453959944099
        }
    },
    "MsBrainAgingSpatialDonor_4_0": {
        "MENDER": {
            "pas": 0.06697314805140529,
            "chaos": 0.02357906974958702,
            "nmi": 0.5724587623800923,
            "ari": 0.43535856692133973
        },
        "MENDER+MISO": {
            "pas": 0.07104795737122557,
            "chaos": 0.024156001449851614,
            "nmi": 0.6337204144652375,
            "ari": 0.3942041032159512
        }
    },
    "MsBrainAgingSpatialDonor_4_1": {
        "MENDER": {
            "pas": 0.034489001538879335,
            "chaos": 0.020282359633876233,
            "nmi": 0.7214499727786402,
            "ari": 0.7842648724341639
        },
        "MENDER+MISO": {
            "pas": 0.02969131891011134,
            "chaos": 0.019885475119580165,
            "nmi": 0.7061520021980988,
            "ari": 0.6724712085092666
        }
    },
    "MsBrainAgingSpatialDonor_4_2": {
        "MENDER": {
            "pas": 0.011570247933884297,
            "chaos": 0.019871826570353104,
            "nmi": 0.7031989581491668,
            "ari": 0.6147297811138538
        },
        "MENDER+MISO": {
            "pas": 0.03746556473829201,
            "chaos": 0.02038254508849684,
            "nmi": 0.773819124999024,
            "ari": 0.8245788816123206
        }
    },
    "MsBrainAgingSpatialDonor_5_0": {
        "MENDER": {
            "pas": 0.017963514519731945,
            "chaos": 0.01991158908064808,
            "nmi": 0.7288704873517626,
            "ari": 0.6445997017713154
        },
        "MENDER+MISO": {
            "pas": 0.03248324646314222,
            "chaos": 0.020209627266478576,
            "nmi": 0.7118174121471464,
            "ari": 0.6752355944998748
        }
    },
    "MsBrainAgingSpatialDonor_5_1": {
        "MENDER": {
            "pas": 0.0665698880132725,
            "chaos": 0.023304249879727054,
            "nmi": 0.5558370278084312,
            "ari": 0.5052518850989025
        },
        "MENDER+MISO": {
            "pas": 0.06864371630029034,
            "chaos": 0.02295765351744629,
            "nmi": 0.5601156464219115,
            "ari": 0.5521843722957763
        }
    },
    "MsBrainAgingSpatialDonor_5_2": {
        "MENDER": {
            "pas": 0.030947344984971613,
            "chaos": 0.02190950050270121,
            "nmi": 0.6447430653686165,
            "ari": 0.634849553350269
        },