{
    "HCAHeartST10238251": {
        "MENDER": {
            "pas": 0.008448540706605223,
            "chaos": 0.08445929413470063
        },
        "MENDER+MISO": {
            "pas": 0.013824884792626729,
            "chaos": 0.08447145319574559
        }
    },
    "HCAHeartST10238252": {
        "MENDER": {
            "pas": 0.009400705052878966,
            "chaos": 0.06950034300038084
        },
        "MENDER+MISO": {
            "pas": 0.008225616921269096,
            "chaos": 0.07075718818133887
        }
    },
    "HCAHeartST10238253": {
        "MENDER": {
            "pas": 0.021678966789667898,
            "chaos": 0.075000262495994
        },
        "MENDER+MISO": {
            "pas": 0.013376383763837638,
            "chaos": 0.07328751310477541
        }
    },
    "HCAHeartST10550730": {
        "MENDER": {
            "pas": 0.01483216237314598,
            "chaos": 0.0662246884244327
        },
        "MENDER+MISO": {
            "pas": 0.01405152224824356,
            "chaos": 0.06626785154123875
        }
    },
    "HCAHeartST10550732": {
        "MENDER": {
            "pas": 0.01455206912232833,
            "chaos": 0.060148846648481746
        },
        "MENDER+MISO": {
            "pas": 0.017280582082764895,
            "chaos": 0.059655859255525294
        }
    },
    "HCAHeartST11290657": {
        "MENDER": {
            "pas": 0.041626794258373206,
            "chaos": 0.05782256202799827
        },
        "MENDER+MISO": {
            "pas": 0.03971291866028708,
            "chaos": 0.057082278263308556
        }
    },
    "HCAHeartST11290658": {
        "MENDER": {
            "pas": 0.026696329254727477,
            "chaos": 0.06326366144749145
        },
        "MENDER+MISO": {
            "pas": 0.012977382276603633,
            "chaos": 0.06183115002347324
        }
    },
    "HCAHeartST11290659": {
        "MENDER": {
            "pas": 0.027801539777587682,
            "chaos": 0.0662435184180245
        },
        "MENDER+MISO": {
            "pas": 0.02566295979469632,
            "chaos": 0.06655131205546282
        }
    },
    "HCAHeartST11350377": {
        "MENDER": {
            "pas": 0.04916280726754542,
            "chaos": 0.06193165518486491
        },
        "MENDER+MISO": {
            "pas": 0.020662629141432135,
            "chaos": 0.06126728849328674
        }
    },
    "HCAHeartST11702010": {
        "MENDER": {
            "pas": 0.010007900974453516,
            "chaos": 0.05711204787741557
        },
        "MENDER+MISO": {
            "pas": 0.022122728469844616,
            "chaos": 0.05721085915170969
        }
    },
    "HCAHeartST12992072": {
        "MENDER": {
            "pas": 0.025775907417148868,
            "chaos": 0.05938461073979889
        },
        "MENDER+MISO": {
            "pas": 0.024460810099947397,
            "chaos": 0.05941832884017556
        }
    },
    "HCAHeartST12992075": {
        "MENDER": {
            "pas": 0.02443933294997125,
            "chaos": 0.05939054962747886
        },
        "MENDER+MISO": {
            "pas": 0.012938470385278896,
            "chaos": 0.05988400963462611
        }
    },
    "HCAHeartST13228103": {
        "MENDER": {
            "pas": 0.028891910265125765,
            "chaos": 0.05119011518925588
        },
        "MENDER+MISO": {
            "pas": 0.015975526852481305,
            "chaos": 0.05091465176788182
        }
    },
    "HCAHeartST13228105": {
        "MENDER": {
            "pas": 0.023492286115007012,
            "chaos": 0.05479139481420129
        },
        "MENDER+MISO": {
            "pas": 0.011570827489481066,
            "chaos": 0.05504762946667327
        }
    },
    "HCAHeartST13233996": {
        "MENDER": {
            "pas": 0.012123197903014417,
            "chaos": 0.05527102874629314
        },
        "MENDER+MISO": {
            "pas": 0.016710353866317168,
            "chaos": 0.05529685668712521
        }
    },
    "HCAHeartST13233997": {
        "MENDER": {
            "pas": 0.03058823529411765,
            "chaos": 0.05507428687354656
        },
        "MENDER+MISO": {
            "pas": 0.016176470588235296,
            "chaos": 0.05483309225422474
        }
    },
    "HCAHeartST13233998": {
        "MENDER": {
            "pas": 0.028132250580046404,
            "chaos": 0.0547098054228044
        },
        "MENDER+MISO": {
            "pas": 0.015081206496519721,
            "chaos": 0.054568057397126696
        }
    },
    "HCAHeartST8795933": {
        "MENDER": {
            "pas": 0.016603251470079558,
            "chaos": 0.061563592722515034
        },
        "MENDER+MISO": {
            "pas": 0.020062262193012798,
            "chaos": 0.06265013191655341
        }
    },
    "HCAHeartST8795934": {
        "MENDER": {
            "pas": 0.008738394320043691,
            "chaos": 0.06733924681419401
        },
        "MENDER+MISO": {
            "pas": 0.010376843255051884,
            "chaos": 0.06733931744937824
        }
    },
    "HCAHeartST8795935": {
        "MENDER": {
            "pas": 0.016346153846153847,
            "chaos": 0.07357300010191942
        },
        "MENDER+MISO": {
            "pas": 0.025961538461538463,
            "chaos": 0.07202169641502076
        }
    },
    "HCAHeartST8795936": {
        "MENDER": {
            "pas": 0.014699127239320165,
            "chaos": 0.06275826982584481
        },
        "MENDER+MISO": {
            "pas": 0.015617822691777675,
            "chaos": 0.062144948869335956
        }
    },
    "HCAHeartST8795937": {
        "MENDER": {
            "pas": 0.013874788494077835,
            "chaos": 0.06202260601065429
        },
        "MENDER+MISO": {
            "pas": 0.016582064297800337,
            "chaos": 0.061960841747274537
        }
    },
    "HCAHeartST8795938": {
        "MENDER": {
            "pas": 0.011508951406649617,
            "chaos": 0.08141017972686387
        },
        "MENDER+MISO": {
            "pas": 0.019820971867007674,
            "chaos": 0.08322679296505509
        }
    },
    "HCAHeartST8795939": {
        "MENDER": {
            "pas": 0.006381934216985763,
            "chaos": 0.06620670242617908
        },
        "MENDER+MISO": {
            "pas": 0.008345606283750613,
            "chaos": 0.06550938550439465
        }
    },
    "HCAHeartST8795940": {
        "MENDER": {
            "pas": 0.026122448979591838,
            "chaos": 0.08239303250950189
        },
        "MENDER+MISO": {
            "pas": 0.013061224489795919,
            "chaos": 0.08083054229916707
        }
    },
    "HCAHeartST9341982": {
        "MENDER": {
            "pas": 0.022364217252396165,
            "chaos": 0.07693610242508121
        },
        "MENDER+MISO": {
            "pas": 0.011980830670926517,
            "chaos": 0.07662280164299357
        }
    },
    "HCAHeartST9341983": {
        "MENDER": {
            "pas": 0.02401921537229784,
            "chaos": 0.07454613516757957
        },
        "MENDER+MISO": {
            "pas": 0.02802241793434748,
            "chaos": 0.07803221095216316
        }
    },
    "HCAHeartST9341984": {
        "MENDER": {
            "pas": 0.024163568773234202,
            "chaos": 0.06950986399896662
        },
        "MENDER+MISO": {
            "pas": 0.01812267657992565,
            "chaos": 0.06917268615818245
        }
    },
    "HCAHeartST9383352": {
        "MENDER": {
            "pas": 0.024778761061946902,
            "chaos": 0.06117145340894273
        },
        "MENDER+MISO": {
            "pas": 0.010176991150442478,
            "chaos": 0.060947204176256514
        }
    },
    "HCAHeartST9383353": {
        "MENDER": {
            "pas": 0.018357487922705314,
            "chaos": 0.09255295388155413
        },
        "MENDER+MISO": {
            "pas": 0.007729468599033816,
            "chaos": 0.0923938983296195
        }
    },