{
    "WSA_LngSP10193345": {
        "MENDER": {
            "pas": 0.015379975874547648,
            "chaos": 0.054840929692034725
        },
        "MENDER+MISO": {
            "pas": 0.021109770808202654,
            "chaos": 0.05439605640712586
        }
    },
    "WSA_LngSP10193346": {
        "MENDER": {
            "pas": 0.010594947025264874,
            "chaos": 0.06920961526154247
        },
        "MENDER+MISO": {
            "pas": 0.02567237163814181,
            "chaos": 0.06830307372947524
        }
    },
    "WSA_LngSP10193347": {
        "MENDER": {
            "pas": 0.01585776069197501,
            "chaos": 0.06318398700690067
        },
        "MENDER+MISO": {
            "pas": 0.03171552138395002,
            "chaos": 0.06375324304683848
        }
    }
}