{
    "results": {
        "n_cells": 918,
        "n_genes": 31053,
        "cluster_counts": {
            "0": 331,
            "1": 321,
            "2": 139,
            "3": 65,
            "4": 41,
            "5": 13,
            "6": 8
        }
    },
    "scores": {
        "PAS": 0.17647058823529413,
        "CHAOS": 0.11064198648189838
    }
}